["7437537779",{"number":2,"userId":"7737958871:AAHz4a0AYL5R4oUUgKGufpUWlkmXwePhz3I","token":"7737958871:AAHz4a0AYL5R4oUUgKGufpUWlkmXwePhz3I"},{"number":3,"userId":"7910481623:AAGRXxn0MKo84o5O-2An98wK1YC5LeL3-Ws","token":"7910481623:AAGRXxn0MKo84o5O-2An98wK1YC5LeL3-Ws"},{"number":4,"userId":"7910481623:AAGRXxn0MKo84o5O-2An98wK1YC5LeL3-Ws","token":"7910481623:AAGRXxn0MKo84o5O-2An98wK1YC5LeL3-Ws"},{"number":5,"userId":"7910481623:AAGRXxn0MKo84o5O-2An98wK1YC5LeL3-Ws","token":"7910481623:AAGRXxn0MKo84o5O-2An98wK1YC5LeL3-Ws"},{"number":6,"userId":"7910481623:AAGRXxn0MKo84o5O-2An98wK1YC5LeL3-Ws","token":"7910481623:AAGRXxn0MKo84o5O-2An98wK1YC5LeL3-Ws"},{"number":7,"userId":"7910481623:AAGRXxn0MKo84o5O-2An98wK1YC5LeL3-Ws","token":"7910481623:AAGRXxn0MKo84o5O-2An98wK1YC5LeL3-Ws"},{"number":8,"userId":"7910481623:AAGRXxn0MKo84o5O-2An98wK1YC5LeL3-Ws","token":"7910481623:AAGRXxn0MKo84o5O-2An98wK1YC5LeL3-Ws"},{"number":9,"userId":"7910481623:AAGRXxn0MKo84o5O-2An98wK1YC5LeL3-Ws","token":"7910481623:AAGRXxn0MKo84o5O-2An98wK1YC5LeL3-Ws"},{"number":10,"userId":"7910481623:AAGRXxn0MKo84o5O-2An98wK1YC5LeL3-Ws","token":"7910481623:AAGRXxn0MKo84o5O-2An98wK1YC5LeL3-Ws"},{"number":11,"userId":"7910481623:AAGRXxn0MKo84o5O-2An98wK1YC5LeL3-Ws","token":"7910481623:AAGRXxn0MKo84o5O-2An98wK1YC5LeL3-Ws"},{"number":12,"userId":"7910481623:AAGRXxn0MKo84o5O-2An98wK1YC5LeL3-Ws","token":"7910481623:AAGRXxn0MKo84o5O-2An98wK1YC5LeL3-Ws"},{"number":13,"userId":"7910481623:AAGRXxn0MKo84o5O-2An98wK1YC5LeL3-Ws","token":"7910481623:AAGRXxn0MKo84o5O-2An98wK1YC5LeL3-Ws"},{"number":14,"userId":"7910481623:AAGRXxn0MKo84o5O-2An98wK1YC5LeL3-Ws","token":"7910481623:AAGRXxn0MKo84o5O-2An98wK1YC5LeL3-Ws"},{"number":15,"userId":"7910481623:AAGRXxn0MKo84o5O-2An98wK1YC5LeL3-Ws","token":"7910481623:AAGRXxn0MKo84o5O-2An98wK1YC5LeL3-Ws"},{"number":16,"userId":"7910481623:AAGRXxn0MKo84o5O-2An98wK1YC5LeL3-Ws","token":"7910481623:AAGRXxn0MKo84o5O-2An98wK1YC5LeL3-Ws"},{"number":17,"userId":"7910481623:AAGRXxn0MKo84o5O-2An98wK1YC5LeL3-Ws","token":"7910481623:AAGRXxn0MKo84o5O-2An98wK1YC5LeL3-Ws"},{"number":18,"userId":"7910481623:AAGRXxn0MKo84o5O-2An98wK1YC5LeL3-Ws","token":"7910481623:AAGRXxn0MKo84o5O-2An98wK1YC5LeL3-Ws"},{"number":19,"userId":"7910481623:AAGRXxn0MKo84o5O-2An98wK1YC5LeL3-Ws","token":"7910481623:AAGRXxn0MKo84o5O-2An98wK1YC5LeL3-Ws"},{"number":20,"userId":"7910481623:AAGRXxn0MKo84o5O-2An98wK1YC5LeL3-Ws","token":"7910481623:AAGRXxn0MKo84o5O-2An98wK1YC5LeL3-Ws"},{"number":21,"userId":"7910481623:AAGRXxn0MKo84o5O-2An98wK1YC5LeL3-Ws","token":"7910481623:AAGRXxn0MKo84o5O-2An98wK1YC5LeL3-Ws"},{"number":22,"userId":"7910481623:AAGRXxn0MKo84o5O-2An98wK1YC5LeL3-Ws","token":"7910481623:AAGRXxn0MKo84o5O-2An98wK1YC5LeL3-Ws"},{"number":23,"userId":"7910481623:AAGRXxn0MKo84o5O-2An98wK1YC5LeL3-Ws","token":"7910481623:AAGRXxn0MKo84o5O-2An98wK1YC5LeL3-Ws"},{"number":24,"userId":"7910481623:AAGRXxn0MKo84o5O-2An98wK1YC5LeL3-Ws","token":"7910481623:AAGRXxn0MKo84o5O-2An98wK1YC5LeL3-Ws"},{"number":25,"userId":"7910481623:AAGRXxn0MKo84o5O-2An98wK1YC5LeL3-Ws","token":"7910481623:AAGRXxn0MKo84o5O-2An98wK1YC5LeL3-Ws"},{"number":26,"userId":"7910481623:AAGRXxn0MKo84o5O-2An98wK1YC5LeL3-Ws","token":"7910481623:AAGRXxn0MKo84o5O-2An98wK1YC5LeL3-Ws"},{"number":27,"userId":"7910481623:AAGRXxn0MKo84o5O-2An98wK1YC5LeL3-Ws","token":"7910481623:AAGRXxn0MKo84o5O-2An98wK1YC5LeL3-Ws"},{"number":28,"userId":"7910481623:AAGRXxn0MKo84o5O-2An98wK1YC5LeL3-Ws","token":"7910481623:AAGRXxn0MKo84o5O-2An98wK1YC5LeL3-Ws"},{"number":29,"userId":"7910481623:AAGRXxn0MKo84o5O-2An98wK1YC5LeL3-Ws","token":"7910481623:AAGRXxn0MKo84o5O-2An98wK1YC5LeL3-Ws"},{"number":30,"userId":"7910481623:AAGRXxn0MKo84o5O-2An98wK1YC5LeL3-Ws","token":"7910481623:AAGRXxn0MKo84o5O-2An98wK1YC5LeL3-Ws"},{"number":31,"userId":"7910481623:AAGRXxn0MKo84o5O-2An98wK1YC5LeL3-Ws","token":"7910481623:AAGRXxn0MKo84o5O-2An98wK1YC5LeL3-Ws"},{"number":32,"userId":"7910481623:AAGRXxn0MKo84o5O-2An98wK1YC5LeL3-Ws","token":"7910481623:AAGRXxn0MKo84o5O-2An98wK1YC5LeL3-Ws"},{"number":33,"userId":"7910481623:AAGRXxn0MKo84o5O-2An98wK1YC5LeL3-Ws","token":"7910481623:AAGRXxn0MKo84o5O-2An98wK1YC5LeL3-Ws"},{"number":34,"userId":"7910481623:AAGRXxn0MKo84o5O-2An98wK1YC5LeL3-Ws","token":"7910481623:AAGRXxn0MKo84o5O-2An98wK1YC5LeL3-Ws"},{"number":35,"userId":"7910481623:AAGRXxn0MKo84o5O-2An98wK1YC5LeL3-Ws","token":"7910481623:AAGRXxn0MKo84o5O-2An98wK1YC5LeL3-Ws"},{"number":36,"userId":"7910481623:AAGRXxn0MKo84o5O-2An98wK1YC5LeL3-Ws","token":"7910481623:AAGRXxn0MKo84o5O-2An98wK1YC5LeL3-Ws"},{"number":37,"userId":"7910481623:AAGRXxn0MKo84o5O-2An98wK1YC5LeL3-Ws","token":"7910481623:AAGRXxn0MKo84o5O-2An98wK1YC5LeL3-Ws"},{"number":38,"userId":"","token":""},{"number":39,"userId":"","token":""},{"number":40,"userId":"8045655527:AAF5QkNOFVqsC9Dz7jrq87D5YZ3NEajrP1E","token":"8045655527:AAF5QkNOFVqsC9Dz7jrq87D5YZ3NEajrP1E"},{"number":41,"userId":"8045655527:AAF5QkNOFVqsC9Dz7jrq87D5YZ3NEajrP1E","token":"8045655527:AAF5QkNOFVqsC9Dz7jrq87D5YZ3NEajrP1E"},{"number":42,"userId":"8045655527:AAF5QkNOFVqsC9Dz7jrq87D5YZ3NEajrP1E","token":"8045655527:AAF5QkNOFVqsC9Dz7jrq87D5YZ3NEajrP1E"},{"number":43,"userId":"isi bot token","token":"isi bot token"},{"number":44,"userId":"isi bot token","token":"isi bot token"},{"number":45,"userId":"8045655527:AAF5QkNOFVqsC9Dz7jrq87D5YZ3NEajrP1E","token":"8045655527:AAF5QkNOFVqsC9Dz7jrq87D5YZ3NEajrP1E"},{"number":46,"userId":"8045655527:AAF5QkNOFVqsC9Dz7jrq87D5YZ3NEajrP1E","token":"8045655527:AAF5QkNOFVqsC9Dz7jrq87D5YZ3NEajrP1E"},{"number":47,"userId":"8045655527:AAF5QkNOFVqsC9Dz7jrq87D5YZ3NEajrP1E","token":"8045655527:AAF5QkNOFVqsC9Dz7jrq87D5YZ3NEajrP1E"},{"number":48,"userId":"8045655527:AAF5QkNOFVqsC9Dz7jrq87D5YZ3NEajrP1E","token":"8045655527:AAF5QkNOFVqsC9Dz7jrq87D5YZ3NEajrP1E"},{"number":49,"userId":"8045655527:AAF5QkNOFVqsC9Dz7jrq87D5YZ3NEajrP1E","token":"8045655527:AAF5QkNOFVqsC9Dz7jrq87D5YZ3NEajrP1E"},{"number":50,"userId":"8045655527:AAF5QkNOFVqsC9Dz7jrq87D5YZ3NEajrP1E","token":"8045655527:AAF5QkNOFVqsC9Dz7jrq87D5YZ3NEajrP1E"},{"number":51,"userId":"8045655527:AAF5QkNOFVqsC9Dz7jrq87D5YZ3NEajrP1E","token":"8045655527:AAF5QkNOFVqsC9Dz7jrq87D5YZ3NEajrP1E"},{"number":52,"userId":"8045655527:AAF5QkNOFVqsC9Dz7jrq87D5YZ3NEajrP1E","token":"8045655527:AAF5QkNOFVqsC9Dz7jrq87D5YZ3NEajrP1E"}]