{"777000":{"nickname":"Telegram","last_seen":"2025-02-12 20:11:07"},"1075423739":{"nickname":"𐏓꯭. ᬊ͜͡𝑹Σ𝑯𝑴𝑨𝑵ꫂ⃟🇵🇰 ³","last_seen":"2025-02-12 20:24:56"},"1087968824":{"nickname":"Group","last_seen":"2025-02-12 20:24:56"},"1236928994":{"nickname":"IEL","last_seen":"2025-02-07 23:54:15"},"1383536395":{"nickname":"iann","last_seen":"2025-02-12 20:24:56"},"1390045660":{"nickname":"Głaciø","last_seen":"2025-02-12 20:11:06"},"1629905245":{"nickname":"Alif","last_seen":"2025-02-12 20:10:51"},"1668394302":{"nickname":"xamerxz","last_seen":"2025-02-12 20:11:06"},"1687842041":{"nickname":"yurxzf ㊝","last_seen":"2025-02-12 20:24:56"},"1758432075":{"nickname":"RAJ","last_seen":"2025-02-08 13:24:58"},"1780107438":{"nickname":"AstarGanz1337","last_seen":"2025-02-12 20:11:05"},"2017648991":{"nickname":"Ⓜ️A'ZHAR","last_seen":"2025-02-12 20:54:51"},"7355767753":{"nickname":"夏默尔","last_seen":"2025-02-12 20:23:44"},"7907040098":{"nickname":"k","last_seen":"2025-02-07 22:04:29"},"7779516259":{"nickname":"azmxzc","last_seen":"2025-02-12 20:14:15"},"7613243690":{"nickname":"PengodeHandal","last_seen":"2025-02-12 22:53:29"},"6510246093":{"nickname":"Ezaa","last_seen":"2025-02-12 20:15:41"},"7989591997":{"nickname":"⸙ꠋꠋꠋꠋꠋꠋꠋꠋꠋꠋꠋꠋꠋꠋꠋꠋꠋꠋꠋꠋꠋꠋꠋꠋꠋꠋꠋꠋꠋꠋꠋꠋꠋꠋꠋꠋ𖤍 | TOMI 𑲯𑲯𑲯𑲯𑲭𑲭𑲭𑲭𑲭𑲭𑲭𑲭𑲭𑲯𑲯𑲯𑲯𑲭","last_seen":"2025-02-12 20:11:05"},"8033027108":{"nickname":"的笑容都没 || Renn MODS〽️","last_seen":"2025-02-12 20:11:07"},"7692690709":{"nickname":"Anon1337 NST","last_seen":"2025-02-12 20:11:04"},"7636744747":{"nickname":"⸙ꠋ𝐃𝐀𝐕𝐀-𝐌𝐀KER⚡","last_seen":"2025-02-12 20:18:48"},"7158350736":{"nickname":"Kahn","last_seen":"2025-02-07 22:52:44"},"7868390680":{"nickname":"𝖠𝗆𝗂𝗇","last_seen":"2025-02-08 09:33:38"},"7307877624":{"nickname":"Kelvin","last_seen":"2025-02-08 12:08:54"},"6922454978":{"nickname":"Fahri","last_seen":"2025-02-12 20:19:41"},"7281464951":{"nickname":"𝐀𝐁𝐈𝐁𝐂𝐑𝐀𝐒𝐇𝐙𝐄𝐑𝟗𝟗👺","last_seen":"2025-02-12 20:11:08"},"6992425717":{"nickname":"bellaa🪐","last_seen":"2025-02-08 13:39:19"},"7855067390":{"nickname":"XJOO","last_seen":"2025-02-12 20:10:59"},"7826510806":{"nickname":"𖤍 | kyy","last_seen":"2025-02-08 12:09:54"},"8044087236":{"nickname":"𖤍 | Louxy pop 👾","last_seen":"2025-02-12 20:10:47"},"6182716543":{"nickname":"Doppp01","last_seen":"2025-02-12 20:11:07"},"6414258708":{"nickname":"IKAL","last_seen":"2025-02-12 20:11:06"},"6636537299":{"nickname":"𝗽𝗵𝘆𝘇𝗲𝗻","last_seen":"2025-02-12 20:11:06"},"6777618479":{"nickname":"𝐙𝐄𝐍|京⃞ᯱᯱᯱ⃫⃫⃫⃫⃫ࣩࣩࣩࣩࣩࣩ͋͋͋͋ꪾꪾꪾ࣬࣬࣬࣬ࣨࣧࣧࣧ𑲯𑲯𑲯𑲯𑲭𑲭𑲭𑲭𑲭𑲭𑲭𑲭𑲭𑲯𑲯","last_seen":"2025-02-12 20:11:05"},"6786866425":{"nickname":"mikasa","last_seen":"2025-02-08 09:20:46"},"7665843006":{"nickname":"DFP | MOMONGA","last_seen":"2025-02-08 06:52:24"},"7393225666":{"nickname":"ryuu","last_seen":"2025-02-12 20:10:47"},"7432921880":{"nickname":"Craig","last_seen":"2025-02-08 07:49:01"},"8089706825":{"nickname":"zenoVxz🇧🇷","last_seen":"2025-02-08 08:39:35"},"6201351018":{"nickname":"Xyroo","last_seen":"2025-02-08 09:12:03"},"7310423663":{"nickname":"Rina mardiana","last_seen":"2025-02-08 11:47:39"},"7178215718":{"nickname":"FIZZ","last_seen":"2025-02-12 20:11:07"},"8185046205":{"nickname":"ElllLoveYouuu ⚡","last_seen":"2025-02-08 12:42:20"},"6867421553":{"nickname":"Agus","last_seen":"2025-02-08 12:59:16"},"6046939336":{"nickname":"RilzSigmaAbizz🥷🧏‍♂️","last_seen":"2025-02-08 12:56:18"},"5857304607":{"nickname":"メ | —͟͞͞ 𝙁𝙖𝙣͢𝙓","last_seen":"2025-02-08 12:59:32"},"5619939975":{"nickname":"KINGGZ","last_seen":"2025-02-12 20:11:07"},"6109365101":{"nickname":"Expert ✗ Coder","last_seen":"2025-02-12 20:24:56"},"7732554985":{"nickname":"Kaii","last_seen":"2025-02-12 20:10:46"},"7010942072":{"nickname":"𝐊𝐢𝐧𝐠【﻿ 𝐔𝐍𝐢𝐗 】","last_seen":"2025-02-12 20:14:56"},"6333687725":{"nickname":"krezX","last_seen":"2025-02-12 20:24:05"},"7832424759":{"nickname":"𖤍 | Runznewera","last_seen":"2025-02-12 20:11:07"},"6600395852":{"nickname":"Fajar","last_seen":"2025-02-12 20:11:05"},"7953596225":{"nickname":"㊝ 𝐙𝐚𝐜𝐤","last_seen":"2025-02-12 20:10:47"},"6659932301":{"nickname":"ZEN777","last_seen":"2025-02-12 20:22:26"},"5324031548":{"nickname":"Baseyzz","last_seen":"2025-02-12 20:11:07"},"7332704519":{"nickname":"tytyd","last_seen":"2025-02-12 20:12:46"},"7855308172":{"nickname":"RAIHAN","last_seen":"2025-02-12 20:11:04"},"8127083234":{"nickname":"𓆩♛𓆪 | SHADOW","last_seen":"2025-02-12 20:18:44"},"7479135233":{"nickname":"Giisukatobrutt","last_seen":"2025-02-12 20:10:59"},"6458464714":{"nickname":"𝐚𝐥𝐰𝐚𝐲𝐬`𝐛𝐢𝐧𝐳𝐱","last_seen":"2025-02-12 20:10:59"},"5117236142":{"nickname":"Niaa","last_seen":"2025-02-12 20:11:05"},"7877159962":{"nickname":"alok","last_seen":"2025-02-12 20:11:06"},"7685045986":{"nickname":"_","last_seen":"2025-02-12 20:34:11"},"7628771367":{"nickname":"NANDO STORE","last_seen":"2025-02-12 22:50:31"},"7446872976":{"nickname":"𝐙𝙭.𝙇𝙖𝙧𝙚𝙣𝙩𝙞𝙭🐉⚡","last_seen":"2025-02-12 20:10:51"},"6978011208":{"nickname":"Vinn x Laxx⸙ꠋꠋꠋꠋꠋꠋꠋꠋꠋꠋꠋꠋꠋꠋꠋꠋꠋꠋꠋꠋꠋꠋꠋꠋꠋꠋꠋꠋꠋꠋꠋꠋꠋꠋꠋꠋ|京⃞ᯱᯱᯱ‌‌‌‌ꪾꪾꪾ࣬࣬࣬","last_seen":"2025-02-12 20:11:05"},"7102533245":{"nickname":"yureee𓆩𖤍𓆪","last_seen":"2025-02-12 20:11:07"},"6595501090":{"nickname":"Tawanchai_store","last_seen":"2025-02-12 20:16:09"},"6242344561":{"nickname":"𝙍𝙚𝙮𝙮𝙎𝙮𝙣𝙯⚡","last_seen":"2025-02-12 20:10:52"},"6508691701":{"nickname":"𝔊ℜ𝔈𝔈𝔗","last_seen":"2025-02-12 20:10:52"},"6532280243":{"nickname":"RZLL","last_seen":"2025-02-12 20:11:01"},"7977622515":{"nickname":"alxzz x ?","last_seen":"2025-02-12 20:24:56"},"5241652454":{"nickname":"𓆩༈𝐒ɑ͜͡φʟͥɑᷟɪɴ᭄༈𓆪 🇵🇰🖤👑","last_seen":"2025-02-12 20:10:56"},"5798020192":{"nickname":"𝙍𝙞𝙯𝙯 𝘿𝙚𝙡𝙡 𝙕𝙖𝙥𒆜𑲯𑲯𑲯𑲯𑲭𑲭𑲭𑲭𑲭𑲭𑲭𑲭𑲭𑲯𑲯𑲯𑲯𑲭𑲭𑲭𑲭𑲭𑲭𑲭𑲭𑲭𑲯𑲯𑲯𑲯𑲭𑲭𑲭𑲭𑲭𑲭𑲭𑲭𑲭𑲯𑲯𑲯𑲯𑲭𑲭𑲭𑲭𑲭𑲭𑲭","last_seen":"2025-02-12 20:24:56"},"6138007734":{"nickname":"𝐗𝐉𝐔𝐍𝐙𝐍𝐀𝐈𝐑𝐄 𖤍","last_seen":"2025-02-12 21:04:54"},"7849403866":{"nickname":"Rii4you","last_seen":"2025-02-12 20:24:56"},"8136949601":{"nickname":"𖤍 | poug","last_seen":"2025-02-12 20:14:15"},"7927140160":{"nickname":"Sajawal Mods","last_seen":"2025-02-12 20:10:57"},"7628280991":{"nickname":"RanzSkibidi","last_seen":"2025-02-12 20:10:58"},"7821230211":{"nickname":"𓆩♛𓆪 | WAHYU STORE SOLO ERA","last_seen":"2025-02-12 20:11:08"},"6775192600":{"nickname":"Abay","last_seen":"2025-02-12 20:10:59"},"6276225881":{"nickname":"Ataa","last_seen":"2025-02-12 20:11:01"},"7514905859":{"nickname":"𝙃𝘼𝙄𝙆𝘼𝙇 𝙎𝙏𝙊𝙍𝙀 𝙍𝙀𝘼𝙇","last_seen":"2025-02-12 20:11:02"},"7298454567":{"nickname":"𖤍 |京⃞ᯱᯱᯱ⃫⃫⃫⃫⃫ࣩࣩࣩࣩࣩࣩ͋͋͋͋ꪾꪾꪾ࣬࣬࣬࣬ࣨࣧࣧࣧ𑲯𑲯𑲯𑲯𑲭𑲭𑲭𑲭𑲭𑲭𑲭𑲭𑲭𑲯𑲯𑲯𑲯𑲭𑲭𑲭𑲭𑲭𑲭𑲭𑲭𑲭𑲯𑲯𑲯𑲯","last_seen":"2025-02-12 20:24:56"},"7755994191":{"nickname":"DIKSZ67","last_seen":"2025-02-12 20:18:21"},"7919559397":{"nickname":"×Ḿorgann","last_seen":"2025-02-12 20:11:04"},"7592522983":{"nickname":"bboscat","last_seen":"2025-02-12 20:11:06"},"7506239981":{"nickname":"SINZZ","last_seen":"2025-02-12 20:11:05"},"6968469528":{"nickname":"apocalyspe","last_seen":"2025-02-12 20:24:56"},"7638983801":{"nickname":"Ridv","last_seen":"2025-02-12 20:11:05"},"8107674246":{"nickname":".","last_seen":"2025-02-12 20:24:56"},"7686146060":{"nickname":"Rorrrrrr","last_seen":"2025-02-12 20:24:56"},"7040263813":{"nickname":"Farr","last_seen":"2025-02-12 20:24:56"},"7453895047":{"nickname":"kyaa_67҈҈҈҉҉҉҉҈҈҈҈҈҉҉҉҉҈҈҈҉҉҉҈҈҈҉҉҉҈҈҈҈҉҉҉҉҉҉҉҉҉҉҉҉҉҉҉҉҉҉҉҉҉҉҉҉҉","last_seen":"2025-02-12 20:24:56"},"6501307935":{"nickname":"Llixzy","last_seen":"2025-02-12 20:24:56"},"7909558436":{"nickname":"𝐎𝐝𝐲𝐬𝐬𝐞𝐮𝐬🇮🇩 〘 ✇ 〙","last_seen":"2025-02-12 20:24:56"},"7294127007":{"nickname":"⸙ꠋꠋꠋꠋꠋꠋꠋꠋꠋꠋꠋꠋꠋꠋꠋꠋꠋꠋꠋꠋꠋꠋꠋꠋꠋꠋꠋꠋꠋꠋReyy -𑲭𑲭𑲯𑲯𑲯𑲯𑲭𑲭𑲭𑲭𑲭𑲭𑲭𑲭𑲭𑲯𑲯𑲯-𑲭𑲭𑲯𑲯𑲯𑲯𑲭𑲭","last_seen":"2025-02-12 20:24:56"},"7915815730":{"nickname":"MISTERIUS","last_seen":"2025-02-12 20:24:56"},"7241063449":{"nickname":"Tony","last_seen":"2025-02-12 20:24:56"},"8142341142":{"nickname":"BAIZZ","last_seen":"2025-02-12 20:11:06"},"5716955724":{"nickname":"KING","last_seen":"2025-02-12 20:24:56"},"7887986794":{"nickname":"Itss me?","last_seen":"2025-02-12 20:11:07"},"6566139522":{"nickname":"Jakk𓆏ࣩࣩࣩࣩࣩࣩ","last_seen":"2025-02-12 20:24:56"},"8063407120":{"nickname":"anjay","last_seen":"2025-02-12 20:11:07"},"7904818136":{"nickname":"Ӿɽ","last_seen":"2025-02-12 20:24:56"},"7799312716":{"nickname":"MARGA","last_seen":"2025-02-12 20:24:56"},"6432918370":{"nickname":"Zacky","last_seen":"2025-02-12 20:24:56"},"7189609712":{"nickname":"𑲭𑲭𑲯𑲯𑲯𑲯𑲭𑲭𑲭𑲭𑲭𑲭𑲭𑲭𑲭𑲭𑲭𑲯𑲯𑲯𑲯𑲭𑲭𑲭𑲭𑲭𑲭𑲭𑲭𑲭𑲯𑲯𑲯𑲭𑲭𑲯𑲯𑲯𑲯𑲭𑲭𑲭𑲭𑲭𑲭𑲭𑲭𑲭𑲯𑲯𑲯𑲭𑲭𑲯𑲯𑲯𑲯𑲭𑲭𑲭𑲭𑲭𑲭𑲭","last_seen":"2025-02-12 20:24:56"},"7138225886":{"nickname":"Rayzz JASBUG","last_seen":"2025-02-12 20:11:14"},"6894613960":{"nickname":"⏤͟͟͞͞𝑨𝑪𝑪𝑨𝑺𝑶𝑷𝑨𝑵","last_seen":"2025-02-12 20:11:47"},"5552039925":{"nickname":"const RelzzModss = require{\"RelzzModss\"}🐾","last_seen":"2025-02-12 20:16:52"},"6759194184":{"nickname":"Kairoo","last_seen":"2025-02-12 20:24:56"},"5337234643":{"nickname":"D. Meow∠","last_seen":"2025-02-12 20:24:56"},"6792918045":{"nickname":"roll?!","last_seen":"2025-02-12 20:48:26"},"7660839244":{"nickname":"vin","last_seen":"2025-02-12 20:56:44"},"6621437407":{"nickname":"NANZZ","last_seen":"2025-02-12 21:11:07"},"7707681334":{"nickname":"𖤍 | 𝘿𝙀𝙇𝙐𝙓𝙀𝘿𝙊𝙊𝙈","last_seen":"2025-02-12 21:11:44"},"7973730716":{"nickname":"KALL (FASTRESS)","last_seen":"2025-02-12 22:39:22"},"7810425263":{"nickname":"Moyong 😘😘😘","last_seen":"2025-02-12 22:52:29"},"8124749036":{"nickname":"𖤍 | Khufrexz","last_seen":"2025-02-12 22:59:02"}}